stage,model,model__bootstrap,model__max_depth,model__max_features,model__min_samples_leaf,model__min_samples_split,model__n_estimators,accuracy,balanced_accuracy,precision,sensitivity,specificity,f1,roc_auc
CV,RandomForest,True,5.0,sqrt,1,2,500,0.8618,0.5707356702086888,0.30095602888639783,0.19813110949721602,0.9433402309201615,0.23858262673475297,0.6815207265049861
CV,RandomForest,True,5.0,sqrt,3,2,500,0.8612,0.5704788309861665,0.2983980334027744,0.19831359094437903,0.942644071027954,0.23797206546986746,0.6814396923803565
CV,RandomForest,True,5.0,sqrt,5,2,500,0.8613799999999999,0.5705002118082176,0.29882312712019754,0.19813177731586987,0.9428686463005654,0.23804562542482194,0.6813508800274998
CV,RandomForest,True,5.0,log2,1,2,500,0.8626199999999999,0.5690322783057437,0.30112664351092205,0.19319726528261252,0.9448672913288746,0.23520848863186986,0.6754885326947517
CV,RandomForest,True,5.0,log2,3,2,500,0.86256,0.5693193128430322,0.30118660474819886,0.19392852670857227,0.9447100989774919,0.23576891876412326,0.6754702187923407
CV,RandomForest,True,5.0,log2,5,2,500,0.86182,0.5684230397812697,0.29759592787848776,0.19283213543362301,0.9440139441289161,0.23386565935515818,0.6754455013478927
CV,RandomForest,True,5.0,0.3,1,2,500,0.8896599999999999,0.5329107404003247,0.4765600299521262,0.0762191446912591,0.9896023361093903,0.1311513655669952,0.6602867620339484
CV,RandomForest,True,5.0,0.3,3,2,500,0.88956,0.533175313123265,0.4745926704704635,0.07695040611721887,0.9894002201293111,0.13215837606825623,0.6604931366392928
CV,RandomForest,True,5.0,0.3,5,2,500,0.88968,0.5331625838371352,0.4763877718252056,0.07676775771539238,0.989557409958878,0.13199595737957615,0.6607138391038816
CV,RandomForest,True,5.0,0.5,1,2,500,0.89236,0.5262495669709943,0.5861378747875003,0.057574482649236605,0.9949246512927521,0.1047424702903296,0.6498262121385403
CV,RandomForest,True,5.0,0.5,3,2,500,0.8923400000000001,0.5262383385856362,0.5849095312097958,0.057574482649236605,0.9949021945220359,0.10473181104273503,0.6498459175639126
CV,RandomForest,True,5.0,0.5,5,2,500,0.89232,0.5263072047549251,0.583822826636389,0.05775713105106308,0.9948572784587872,0.10500336849136953,0.649468254720966
CV,RandomForest,True,5.0,,1,2,500,0.8906600000000001,0.5246529940520345,0.5210335267075864,0.05611062416000935,0.9931953639440596,0.10047421630920202,0.6310832220444329
CV,RandomForest,True,5.0,,3,2,500,0.8906600000000001,0.5246529940520345,0.5210335267075864,0.05611062416000935,0.9931953639440596,0.10047421630920202,0.6310163118351386
CV,RandomForest,True,5.0,,5,2,500,0.89068,0.5247444017302795,0.5219265028504626,0.0562934395164993,0.9931953639440596,0.10078802723339006,0.6310910516849719
CV,RandomForest,True,9.0,sqrt,1,2,500,0.8890399999999999,0.5364905061195893,0.4627744807792,0.08517526065796834,0.9878057515812102,0.14383375821598002,0.6891087372784078
CV,RandomForest,True,9.0,sqrt,3,2,500,0.88914,0.5360655735499674,0.46527326829079885,0.08407836851902865,0.9880527785809061,0.142385228646022,0.6891920614501613
CV,RandomForest,True,9.0,sqrt,5,2,500,0.88934,0.5365779874411022,0.4687488347857115,0.08499094270950723,0.9881650321726971,0.14386186920386917,0.68929626836596
CV,RandomForest,True,9.0,log2,1,2,500,0.8859999999999999,0.5400739581082609,0.41182599867836495,0.09723790204769896,0.9829100141688227,0.15728587475356604,0.6833473132437593
CV,RandomForest,True,9.0,log2,3,2,500,0.8854599999999999,0.5415336789391683,0.4072806106066988,0.1012578364345162,0.9818095214438204,0.16188113490172862,0.6832065143144836
CV,RandomForest,True,9.0,log2,5,2,500,0.88652,0.5440528586567831,0.42549371283174164,0.10564490412628451,0.9824608131872814,0.16909088248850618,0.6852979238770984
CV,RandomForest,True,9.0,0.3,1,2,500,0.8922399999999999,0.5257012928998198,0.5789792697546362,0.05647792441962385,0.994924661380016,0.10287768135851041,0.6861489223234875
CV,RandomForest,True,9.0,0.3,3,2,500,0.8922399999999999,0.525220553573642,0.5820115282998637,0.05538170009933803,0.9950594070479457,0.1011028111599039,0.6863836543688245
CV,RandomForest,True,9.0,0.3,5,2,500,0.89222,0.5256100509153303,0.5793353916053487,0.05629544297246083,0.9949246588581999,0.10257629156199577,0.6870780677871792
CV,RandomForest,True,9.0,0.5,1,2,500,0.89216,0.5242137427322868,0.583893272800889,0.05318841668544907,0.9952390687791246,0.09741943445640913,0.6882217869143554
CV,RandomForest,True,9.0,0.5,3,2,500,0.8921600000000002,0.5241336443949158,0.5834623743974344,0.05300576828362258,0.9952615205062092,0.09710765096493183,0.6886956613109139
CV,RandomForest,True,9.0,0.5,5,2,500,0.89236,0.5249676266227186,0.5930642297215811,0.05465127344669555,0.9952839797987416,0.0999927898972485,0.6887143245643561
CV,RandomForest,True,9.0,,1,2,500,0.89178,0.5255227083782144,0.555653880521022,0.056659738048133027,0.9943856787082958,0.10272058825687247,0.6788907625293946
CV,RandomForest,True,9.0,,3,2,500,0.8917400000000001,0.5251798696061856,0.5557856156071382,0.0559291444408271,0.9944305947715444,0.10152731413965232,0.6789960823489114
CV,RandomForest,True,9.0,,5,2,500,0.8917999999999999,0.5258549865835386,0.5588830215961982,0.057391667292746654,0.9943183058743305,0.10398369700028298,0.6790951576533939
CV,RandomForest,True,15.0,sqrt,1,2,500,0.8917400000000001,0.5182067222294464,0.5871836694454434,0.04002905011144224,0.9963843943474504,0.07483090259735115,0.6991734257284639
CV,RandomForest,True,15.0,sqrt,3,2,500,0.8919599999999999,0.5197732935247771,0.5945858606175932,0.04331939261893433,0.99622719443062,0.08064366755677098,0.7017366319128693
CV,RandomForest,True,15.0,sqrt,5,2,500,0.8922399999999999,0.5220944034898223,0.6016778286634922,0.04825357074286477,0.9959352362367799,0.08923143235448693,0.7023524795474865
CV,RandomForest,True,15.0,log2,1,2,500,0.8916000000000001,0.5187688824909318,0.5644994016278468,0.041490237326054114,0.9960475276558094,0.07723013451905603,0.6891827926643728
CV,RandomForest,True,15.0,log2,3,2,500,0.8913,0.5200432577695068,0.5424339283691272,0.04478007896955581,0.9953064365694578,0.08267952902797579,0.6928582685369312
CV,RandomForest,True,15.0,log2,5,2,500,0.89176,0.5228671594841587,0.5611794572586571,0.0506300034225706,0.995104315545747,0.0928245580286858,0.6951148824366614
CV,RandomForest,True,15.0,0.3,1,2,500,0.8917999999999999,0.5219274723056814,0.5707167252283478,0.04843621914469126,0.9954187254666713,0.08923628733915398,0.7114965378950169
CV,RandomForest,True,15.0,0.3,3,2,500,0.89222,0.5236060833271386,0.5880719832937747,0.051726060788192973,0.9954861058660842,0.09505753216711431,0.7120792774283551
CV,RandomForest,True,15.0,0.3,5,2,500,0.8922399999999999,0.5240983874698175,0.5883896883993807,0.05282295292713264,0.9953738220125024,0.09688897422576495,0.7122457443218287
CV,RandomForest,True,15.0,0.5,1,2,500,0.8916600000000001,0.5241733192840894,0.554303159293367,0.05373636189092852,0.9946102766772503,0.09792749955659756,0.7115120624441225
CV,RandomForest,True,15.0,0.5,3,2,500,0.89192,0.5249608086359878,0.5675160619072487,0.055199051697511534,0.994722565574464,0.10053433024291476,0.7124112828799254
CV,RandomForest,True,15.0,0.5,5,2,500,0.8918800000000001,0.5249386010363586,0.5649640328063665,0.05519955256150193,0.9946776495112154,0.10049171053515873,0.7129146744276186
CV,RandomForest,True,15.0,,1,2,500,0.8903599999999999,0.5265697660561314,0.49310174128045875,0.06086482515672868,0.9922747069555339,0.10831529014019074,0.7004753115866709
CV,RandomForest,True,15.0,,3,2,500,0.8907399999999999,0.5273442794726286,0.5087713774502575,0.06214436569749484,0.9925441932477621,0.11068121459094285,0.7010249423492425
CV,RandomForest,True,15.0,,5,2,500,0.89096,0.5283496741514517,0.5153194153969735,0.06415516766422077,0.9925441806386827,0.11403587235806004,0.7019857804773371
CV,RandomForest,True,,sqrt,1,2,500,0.8916799999999998,0.5144858848931557,0.6018375350140056,0.03162171412352976,0.9973500556627817,0.06002876032188533,0.6987897432031265
CV,RandomForest,True,,sqrt,3,2,500,0.89194,0.5177578395537843,0.612147364991168,0.038749509570676084,0.9967661695368925,0.07273120295010135,0.7126085978020482
CV,RandomForest,True,,sqrt,5,2,500,0.89184,0.5188236980370624,0.5914159224171002,0.04130792283355455,0.9963394732405699,0.07702466946678597,0.7135288991525988
CV,RandomForest,True,,log2,1,2,500,0.89092,0.506763989672147,0.5783709480483674,0.01498768709356974,0.9985402922507245,0.029167321606460545,0.6976314252367517
CV,RandomForest,True,,log2,3,2,500,0.89184,0.5124111290655209,0.6519288410995727,0.026686200362291617,0.9981360577687501,0.0511620974178301,0.7108847680763813
CV,RandomForest,True,,log2,5,2,500,0.892,0.5153867327863931,0.6337322456416414,0.033266217558621955,0.9975072480141645,0.06305410641211431,0.7115599622892259
CV,RandomForest,True,,0.3,1,2,500,0.8912599999999999,0.5269955508366361,0.528202184766616,0.06068334543754643,0.9933077562357256,0.1088428624691824,0.7005718344972605
CV,RandomForest,True,,0.3,3,2,500,0.89204,0.5247082952889991,0.573767139425807,0.05446945981818637,0.9949471307598119,0.09944698063289656,0.7089720014864087
CV,RandomForest,True,,0.3,5,2,500,0.8920199999999999,0.5250172832111976,0.5723002882188671,0.05519971951616538,0.9948348469062299,0.10063282526866846,0.7130383299450436
CV,RandomForest,True,,0.5,1,2,500,0.89036,0.5300161387520476,0.49354501748795265,0.06872321421118097,0.991309063292914,0.12060834021796626,0.6944352359025739
CV,RandomForest,True,,0.5,3,2,500,0.8912000000000001,0.5272021506054108,0.5294791988548981,0.06123129064302588,0.9931730105677957,0.1096677401734932,0.7041030545325219
CV,RandomForest,True,,0.5,5,2,500,0.89132,0.5255860162861962,0.5363110995009104,0.05739266902072741,0.993779363551665,0.10360842231185448,0.7071770004274945
CV,RandomForest,True,,,1,2,500,0.8874600000000001,0.5343204850337051,0.42614770802017593,0.08225004799946574,0.9863909220679445,0.13783094440880456,0.6829398319829604
CV,RandomForest,True,,,3,2,500,0.88956,0.5303691049577558,0.47011652563450534,0.07055203559473425,0.9901861743207773,0.12261658174528826,0.6922333760182028
CV,RandomForest,True,,,5,2,500,0.89036,0.5301772335029111,0.4935027037940838,0.069090347516132,0.9912641194896903,0.12114939003810102,0.6966206157735015
Test,RandomForest,True,,sqrt,5,2,500,0.89258,0.5218849080129532,0.6196172248803827,0.04734052275635167,0.9964292932695547,0.08796060451689591,0.7138848586406072
